{"initial df": {"rand_kmeans": [0.5705458049359394, 0.5795360080009085, 0.5698335863556693, 0.5760243151845178, 0.5944767206388168, 0.5941956624878921, 0.5621528550647986, 0.5627302869597595, 0.6229919045178277, 0.599837042089292], "rand_rf": [0.6365615336235962, 0.6385087543278659, 0.6478923889234667, 0.6415266504272393, 0.648385157896958, 0.6459746196797884, 0.634282219413229, 0.646473295391504, 0.6396092549746748, 0.6460997991274877], "F1_rf": [0.39420688272767285, 0.3976612660006387, 0.3980310843122031, 0.3891252264956645, 0.3973343133981852, 0.4001726194364057, 0.3821077055023014, 0.3978246337066573, 0.3871053718549966, 0.40177884903135314], "rand_knn": [0.74995759145599, 0.7555917187766117, 0.7546520284552655, 0.7543395014714898, 0.7479250774798838, 0.7504876825193266, 0.7562750707750575, 0.7575882637631025, 0.7535686352989706, 0.7470111109522828], "F1_knn": [0.33640221976182405, 0.3418718143743779, 0.3431664383408176, 0.33183676013197416, 0.3353443088770814, 0.3335111768345364, 0.34040038134466133, 0.34815447819178835, 0.3344465319883885, 0.32587967887801517]}}