{"initial df": {"rand_kmeans": [0.5858700379026575, 0.6262135767083634, 0.6187202098265207, 0.5872095559088863, 0.6029007052660454, 0.5639238141136254, 0.5938308790946238, 0.571286802519381, 0.6214246768920373, 0.5635409923551367], "rand_rf": [0.6472490310676862, 0.6385247447134934, 0.6388497237848004, 0.639798123762999, 0.6419686731455029, 0.6414266372879556, 0.642539298110192, 0.6488604177685385, 0.642162806796856, 0.6349467119463669], "F1_rf": [0.41093867679555435, 0.3917137771186935, 0.38530509818898623, 0.39130116473290866, 0.39224938418831795, 0.396231913045285, 0.3896500901639978, 0.40033137944300473, 0.3908868808392325, 0.39484736945261256]}, "balanced df": {"rand_kmeans": [0.5342539463052816, 0.5392751638263694, 0.5361022616749865, 0.5144454897506492, 0.6470432814384072, 0.49396493971656014, 0.6556146331894322, 0.5323629681757761, 0.6472579066714405, 0.5322532686395792], "rand_rf": [0.997134308129382, 0.9971252241166683, 0.997016213220517, 0.9971043756078758, 0.9969618847337282, 0.997364846160283, 0.9971987494735745, 0.9970077849248189, 0.9970397038024728, 0.9970995249481119], "F1_rf": [0.9787413205031302, 0.9786820915575279, 0.977566249220619, 0.9783911547244014, 0.9773128571028938, 0.9805694261040389, 0.9792256148710573, 0.9776775289737808, 0.9780271497208791, 0.9785103001616923]}, "new categories df": {"rand_kmeans": [0.6240925618815425, 0.5680401480297087, 0.5741798604048024, 0.5862825711784734, 0.5854436545537721, 0.5934526167067569, 0.5799229471641159, 0.5861001437167069, 0.5674142545029068, 0.593799772347566], "rand_rf": [0.6503778193294616, 0.663894082849359, 0.6512374699543659, 0.6473516328249281, 0.6527679805434209, 0.6577424337218779, 0.6517611043353622, 0.6508603503826387, 0.650695622203596, 0.655257924449914], "F1_rf": [0.43116641560054797, 0.45266179450495325, 0.42601323465968893, 0.42656885747326145, 0.43382558933073856, 0.43867120393076114, 0.43447623051681244, 0.42767440210181484, 0.4406234958610639, 0.4429912660896443]}, "balanced new categories df": {"rand_kmeans": [0.5894329288826753, 0.5597248885124447, 0.5113443307175002, 0.47363043278601535, 0.5255814496953864, 0.487455114140806, 0.5021999122386293, 0.5521834518792159, 0.4930495545600196, 0.5467682283428408], "rand_rf": [0.9884388680824141, 0.9884419397303889, 0.9883411672262304, 0.9882445276703438, 0.9888095170063168, 0.9884785035665813, 0.9879540579429142, 0.989093200534732, 0.9894525221189269, 0.9894655638668068], "F1_rf": [0.9556507186502147, 0.9557210011923313, 0.9552895676510182, 0.9551141910179879, 0.9571438962604305, 0.9558291245966304, 0.9536918379930449, 0.9586033396944622, 0.9601349754581621, 0.9600414727208827]}}