{"initial df": {"rand_kmeans": [0.5705458049359394, 0.5795360080009085, 0.5698335863556693, 0.5760243151845178, 0.5944767206388168, 0.5941956624878921, 0.5621528550647986, 0.5627302869597595, 0.6229919045178277, 0.599837042089292], "rand_rf": [0.6365615336235962, 0.6385087543278659, 0.6478923889234667, 0.6415266504272393, 0.648385157896958, 0.6459746196797884, 0.634282219413229, 0.646473295391504, 0.6396092549746748, 0.6460997991274877], "F1_rf": [0.39420688272767285, 0.3976612660006387, 0.3980310843122031, 0.3891252264956645, 0.3973343133981852, 0.4001726194364057, 0.3821077055023014, 0.3978246337066573, 0.3871053718549966, 0.40177884903135314], "rand_knn": [0.74995759145599, 0.7555917187766117, 0.7546520284552655, 0.7543395014714898, 0.7479250774798838, 0.7504876825193266, 0.7562750707750575, 0.7575882637631025, 0.7535686352989706, 0.7470111109522828], "F1_knn": [0.33640221976182405, 0.3418718143743779, 0.3431664383408176, 0.33183676013197416, 0.3353443088770814, 0.3335111768345364, 0.34040038134466133, 0.34815447819178835, 0.3344465319883885, 0.32587967887801517]}, "balanced df": {"rand_kmeans": [0.5334701093181777, 0.5385973060730644, 0.6420830044459809, 0.5364575917077862, 0.5367043196387247, 0.4631058351955422, 0.5389075013752224, 0.28394896107263234, 0.5402542947406831, 0.5338801601705413], "rand_rf": [0.9973033431965245, 0.9972117019423216, 0.9971890262053601, 0.9971232350169348, 0.9973167099467333, 0.9971960196056644, 0.9971699390786765, 0.9973107124680887, 0.9970653480993124, 0.9972046426959572], "F1_rf": [0.9802009315334345, 0.9793234678522222, 0.9791324018750065, 0.9786933415180916, 0.9802450430271252, 0.9792277749413507, 0.979117853060903, 0.9801495735811003, 0.9783179172374058, 0.9792601722618378]},"new categories df": {"rand_kmeans": [0.5696576537687598, 0.5661645226438323, 0.584053856934421, 0.5714782595156962, 0.5934949921678838, 0.5816597535422617, 0.5846067942772711, 0.5968461053242453, 0.6047769996866272, 0.577950395153011], "rand_rf": [0.6478907381590548, 0.6572575595066361, 0.6496244116732718, 0.6476063262377325, 0.6529124390044895, 0.6524425634407288, 0.6526621520521143, 0.6496143502552919, 0.6501722815866283, 0.6452464463549061], "F1_rf": [0.43133882196472834, 0.441931620220263, 0.4373732596133146, 0.42252048761741207, 0.4432492262806282, 0.4358056104938449, 0.4308992778333183, 0.43094720952269905, 0.4330423198426712, 0.4313293840760656], "rand_knn": [0.72890697781977, 0.7257959606771309, 0.7319909247478642, 0.7307468340867034, 0.7286390037404239, 0.7297532507009393, 0.7340618877085532, 0.7272218860664122, 0.7286851246929156, 0.7336591372253297], "F1_knn": [0.3662935222466224, 0.3638336996690841, 0.37539010277835305, 0.37091755126778186, 0.3702818702079384, 0.3583478710254228, 0.36429392990440007, 0.3696896890826805, 0.36665623942544834, 0.3632985000795966]}, "balanced new categories df": {"rand_kmeans": [0.8250889757431653, 0.8199035135162716, 0.8123174818609492, 0.8231876868755932, 0.8184260712499872], "rand_rf": [0.9940451154674314, 0.9941801965446512, 0.9942454767177248, 0.9943250334207545, 0.9937034073862419], "F1_rf": [0.0, 0.0, 0.0, 0.0, 0.0], "rand_knn": [0.9703719041156001, 0.9708316206259631, 0.9694974641045789, 0.9691612870307063, 0.9694087536864878], "F1_knn": [0.0, 0.0, 0.0, 0.0, 0.0]}}