{"initial df": {"rand_kmeans": [0.5837502571219987, 0.5618558808997973, 0.6109660975926576, 0.6008070994046065, 0.5994386324604807, 0.566093523137777, 0.561112075426233, 0.5814464182273256, 0.5812604528922987, 0.5739418456719155], "rand_rf": [0.6467704762501607, 0.644537061665255, 0.640267016304954, 0.6394361966942633, 0.6484262717558, 0.639554323047381, 0.6473945453344959, 0.6455787966844804, 0.6355572935917516, 0.6447355541624038], "F1_rf": [0.4013084975622967, 0.39282355947222103, 0.38141331228625897, 0.3886702129267751, 0.39743189338166585, 0.39498092498215703, 0.40353373406329374, 0.4057769700820211, 0.38947433796236725, 0.4014117689631121]}, "balanced df": {"rand_kmeans": [0.6514770368724219, 0.4556692415219768, 0.6152949725161289, 0.5323427479481407, 0.5397975782367797, 0.4263113695568972, 0.4606477249500324, 0.6328292789993594, 0.5344410149621454, 0.60508897586056], "rand_rf": [0.9970477205602951, 0.9971734097147631, 0.996983443831253, 0.9971214708912401, 0.9972273348944337, 0.9970539210642918, 0.9971324507217688, 0.9971223790181529, 0.997197665757168, 0.9969995870903312], "F1_rf": [0.9778907479721447, 0.9791298305414224, 0.9774041702041515, 0.9786742571540168, 0.9794038818695388, 0.9781986231445646, 0.9786157023602071, 0.9784651231457119, 0.9794202017553822, 0.9775990681324596]}, "new categories df": {"rand_kmeans": [0.5869367672936859, 0.5877411520975158, 0.6079779259833622, 0.5678807517803386, 0.5970393286140632, 0.561673444414815, 0.5737788725057507, 0.5894920900730451, 0.5887995413755985, 0.5946924477895028], "rand_rf": [0.6488612562850592, 0.6581171507878302, 0.6606177225928994, 0.648498414151612, 0.6539524371067739, 0.6456111543964247, 0.6556755834575894, 0.6436607081284728, 0.6428562353361259, 0.6585617415976694], "F1_rf": [0.4282089745830846, 0.43860846889129357, 0.4364936943789912, 0.4253700252067863, 0.4411486225032567, 0.42510188417573397, 0.4396078643111099, 0.4230616244095164, 0.4282328858489743, 0.44261879856092323]}, "balanced new categories df": {"rand_kmeans": [0.5511274886981723, 0.5567197554927393, 0.5659889992142296, 0.5516905595297623, 0.565181329278622, 0.5693615564377047, 0.5670725051789414, 0.500697019174839, 0.5297800353086445, 0.6052808159766514], "rand_rf": [0.988982580388395, 0.9882657740859041, 0.9886872021470922, 0.988885726531487, 0.9887856683640668, 0.9882791219781005, 0.9889363117773718, 0.9880273284826467, 0.9887883522292409, 0.9887500943944976], "F1_rf": [0.957795529771317, 0.9549133281666911, 0.956816791511652, 0.9572991335389818, 0.9569811496227967, 0.954787240942132, 0.9580033909687632, 0.9535380675271989, 0.9572723210483693, 0.9571236114808486]}}